"Builder","Builder"
"Frappe Builder","Builder"
"Builder Page","Página do Builder"
"Builder Pages","Páginas do Builder"
"Builder Component","Componente do Builder"
"Builder Components","Componentes do Builder"
"Block Template","Modelo de Bloco"
"Block Templates","Modelos de Bloco"
"Builder Settings","Configurações do Builder"
"Builder Variable","Variável do Builder"
"Builder Variables","Variáveis do Builder"
"Builder Project Folder","Pasta de Projetos do Builder"
"Builder Project Folders","Pastas de Projetos do Builder"
"User Font","Fonte do Usuário"
"User Fonts","Fontes do Usuário"
"Builder Snapshot","Snapshot do Builder"
"Builder Snapshots","Snapshots do Builder"
"Builder Client Script","Script de Cliente do Builder"
"Builder Page Client Script","Script de Página do Builder"
"Page Name","Nome da Página"
"Page Title","Título da Página"
"Route","Rota"
"Published","Publicado"
"Preview","Prévia"
"Component Name","Nome do Componente"
"Folder Name","Nome da Pasta"
"Template Name","Nome do Modelo"
"Font Name","Nome da Fonte"
"Open Builder","Abrir Builder"
"Open <strong>Frappe Builder</strong>","Abrir <strong>Builder</strong>"
"Abrir Builder","Abrir Builder"
"Páginas do Site","Páginas do Site"
"Componentes","Componentes"
"Modelos de Bloco","Modelos de Bloco"
"Configurações do Builder","Configurações do Builder"
